{"stats":{"minecraft:custom":{"minecraft:interact_with_smithing_table":1,"minecraft:interact_with_furnace":1,"minecraft:interact_with_cartography_table":1,"minecraft:tune_noteblock":1,"minecraft:open_barrel":46,"minecraft:play_one_minute":72058,"minecraft:interact_with_loom":2,"minecraft:open_shulker_box":2,"minecraft:interact_with_grindstone":1,"minecraft:time_since_death":72058,"minecraft:climb_one_cm":11090,"minecraft:time_since_rest":72058,"minecraft:sprint_one_cm":89258,"minecraft:damage_taken":155,"minecraft:walk_one_cm":148076,"minecraft:drop":54,"minecraft:damage_dealt":10,"minecraft:swim_one_cm":45115,"minecraft:fly_one_cm":101380,"minecraft:open_chest":57,"minecraft:crouch_one_cm":3248,"minecraft:sneak_time":1301,"minecraft:walk_under_water_one_cm":12881,"minecraft:boat_one_cm":187554,"minecraft:jump":557,"minecraft:walk_on_water_one_cm":13568,"minecraft:interact_with_smoker":2,"minecraft:fall_one_cm":13111,"minecraft:horse_one_cm":207372},"minecraft:mined":{"minecraft:blue_carpet":1,"minecraft:glass_pane":4,"minecraft:granite":2,"minecraft:chest":3,"minecraft:polished_diorite_slab":1,"minecraft:blue_wool":1,"pixelmon:ultra_elm_fence":1,"minecraft:smooth_stone":20,"minecraft:black_stained_glass":1,"minecraft:black_stained_glass_pane":2,"minecraft:white_carpet":1,"minecraft:spruce_log":5,"minecraft:brown_bed":1,"pixelmon:pink_mail_box":1,"minecraft:coal_ore":8,"minecraft:white_shulker_box":2,"minecraft:smooth_quartz_stairs":1,"minecraft:polished_andesite":4,"minecraft:stone":2,"pixelmon:anvil":1},"minecraft:picked_up":{"pixelmon:crystal_hoe":1,"minecraft:polished_diorite_slab":1,"minecraft:crafting_table":1,"pixelmon:acro_bike":6,"pixelmon:anvil":1,"minecraft:brown_bed":1,"pixelmon:poke_ball":6,"pixelmon:ultra_elm_fence":1,"pixelmon:pink_pc":1,"pixelmon:fresh_water":1,"minecraft:string":2,"pixelmon:lens_silver":1,"minecraft:smooth_stone":15,"pixelmon:mug_ball":3,"pixelmon:odd_incense":1,"pixelmon:repel":1,"minecraft:cobweb":2,"pixelmon:pixelmon_sprite":1,"minecraft:chest":2,"minecraft:smooth_quartz_stairs":1,"minecraft:iron_boots":1,"minecraft:end_stone":3,"pixelmon:iron_hammer":1,"minecraft:snow_block":5,"minecraft:soul_torch":3,"minecraft:grass_block":3,"minecraft:spruce_log":4,"pixelmon:water_gem":1,"minecraft:polished_andesite":4,"pixelmon:light_gray_rug":1,"minecraft:painting":3,"minecraft:bread":3,"minecraft:white_shulker_box":2,"minecraft:iron_bars":5,"minecraft:coal":8,"minecraft:white_wool":6},"minecraft:crafted":{"minecraft:crafting_table":1,"minecraft:spruce_planks":16,"minecraft:stick":16},"minecraft:used":{"minecraft:water_bucket":3,"pixelmon:iron_hammer":12,"pixelmon:sapphire_hammer":27,"minecraft:spruce_planks":4,"pixelmon:acro_bike":6,"minecraft:white_shulker_box":1,"minecraft:crafting_table":1,"minecraft:diamond_pickaxe":11,"minecraft:bread":5,"pixelmon:light_gray_rug":1,"pixelmon:mug_ball":2,"pixelmon:ultra_elm_fence":1,"minecraft:bucket":3},"minecraft:dropped":{"minecraft:snow_block":5,"pixelmon:mug_ball":1,"minecraft:soul_torch":3,"pixelmon:iron_hammer":1,"pixelmon:topo_berry":3,"minecraft:crafting_table":1,"pixelmon:odd_incense":2,"minecraft:iron_boots":1,"minecraft:end_stone":3,"pixelmon:crystal_hoe":2,"minecraft:grass_block":3,"pixelmon:lens_silver":1,"minecraft:cobweb":2,"pixelmon:leftovers":1,"minecraft:leather_boots":1,"minecraft:chest":1,"pixelmon:white_poke_bag":1,"pixelmon:pixelmon_sprite":1,"minecraft:painting":1,"minecraft:iron_bars":5,"minecraft:string":2,"minecraft:white_wool":6,"pixelmon:poke_ball":11}},"DataVersion":2586}