{"stats":{"minecraft:picked_up":{"pixelmon:acro_bike":1,"pixelmon:water_gem":1,"pixelmon:repel":1,"minecraft:painting":1,"minecraft:cobweb":1,"minecraft:bread":3,"minecraft:spruce_log":4,"pixelmon:fresh_water":1,"minecraft:chest":1,"minecraft:string":2},"minecraft:crafted":{"minecraft:crafting_table":1,"minecraft:spruce_planks":16,"minecraft:stick":16},"minecraft:used":{"minecraft:bread":2,"minecraft:spruce_planks":4,"pixelmon:acro_bike":1},"minecraft:custom":{"minecraft:open_barrel":19,"minecraft:open_chest":22,"minecraft:time_since_rest":24690,"minecraft:interact_with_smithing_table":1,"minecraft:play_one_minute":24690,"minecraft:crouch_one_cm":2676,"minecraft:interact_with_loom":1,"minecraft:interact_with_furnace":1,"minecraft:sprint_one_cm":50814,"minecraft:damage_taken":80,"minecraft:walk_one_cm":61238,"minecraft:sneak_time":1006,"minecraft:walk_under_water_one_cm":462,"minecraft:jump":295,"minecraft:interact_with_grindstone":1,"minecraft:damage_dealt":10,"minecraft:time_since_death":24690,"minecraft:walk_on_water_one_cm":1766,"minecraft:climb_one_cm":4017,"minecraft:interact_with_smoker":2,"minecraft:interact_with_cartography_table":1,"minecraft:swim_one_cm":4225,"minecraft:tune_noteblock":1,"minecraft:fall_one_cm":7673,"minecraft:fly_one_cm":60374,"minecraft:horse_one_cm":9432},"minecraft:mined":{"minecraft:chest":3,"minecraft:glass_pane":2,"minecraft:spruce_log":5}},"DataVersion":2586}