{"stats":{"minecraft:picked_up":{"minecraft:cobweb":1,"minecraft:spruce_log":4,"minecraft:string":2},"minecraft:crafted":{"minecraft:crafting_table":1,"minecraft:spruce_planks":16,"minecraft:stick":16},"minecraft:custom":{"minecraft:jump":185,"minecraft:time_since_rest":12690,"minecraft:walk_on_water_one_cm":1137,"minecraft:crouch_one_cm":374,"minecraft:play_one_minute":12690,"minecraft:damage_taken":10,"minecraft:sprint_one_cm":30236,"minecraft:time_since_death":12690,"minecraft:walk_one_cm":21644,"minecraft:walk_under_water_one_cm":270,"minecraft:sneak_time":184,"minecraft:fall_one_cm":4354,"minecraft:fly_one_cm":40371},"minecraft:mined":{"minecraft:spruce_log":5}},"DataVersion":2586}