{"stats":{"minecraft:custom":{"minecraft:interact_with_smithing_table":1,"minecraft:time_since_rest":60058,"minecraft:interact_with_furnace":1,"minecraft:sprint_one_cm":72264,"minecraft:damage_taken":125,"minecraft:walk_one_cm":117854,"minecraft:drop":28,"minecraft:damage_dealt":10,"minecraft:interact_with_cartography_table":1,"minecraft:swim_one_cm":26599,"minecraft:fly_one_cm":87692,"minecraft:tune_noteblock":1,"minecraft:open_barrel":36,"minecraft:open_chest":41,"minecraft:crouch_one_cm":2989,"minecraft:play_one_minute":60058,"minecraft:open_shulker_box":1,"minecraft:interact_with_loom":2,"minecraft:sneak_time":1179,"minecraft:walk_under_water_one_cm":8469,"minecraft:boat_one_cm":89658,"minecraft:jump":467,"minecraft:interact_with_grindstone":1,"minecraft:time_since_death":60058,"minecraft:walk_on_water_one_cm":8593,"minecraft:interact_with_smoker":2,"minecraft:climb_one_cm":8711,"minecraft:fall_one_cm":11960,"minecraft:horse_one_cm":204528},"minecraft:mined":{"minecraft:black_stained_glass_pane":2,"minecraft:black_stained_glass":1,"minecraft:glass_pane":2,"minecraft:spruce_log":5,"minecraft:brown_bed":1,"minecraft:granite":2,"minecraft:coal_ore":8,"pixelmon:pink_mail_box":1,"minecraft:chest":3,"minecraft:smooth_quartz_stairs":1,"minecraft:white_shulker_box":1,"minecraft:stone":2,"pixelmon:anvil":1},"minecraft:picked_up":{"pixelmon:crystal_hoe":1,"minecraft:crafting_table":1,"pixelmon:acro_bike":5,"pixelmon:iron_hammer":1,"pixelmon:anvil":1,"minecraft:brown_bed":1,"pixelmon:poke_ball":6,"pixelmon:pink_pc":1,"minecraft:spruce_log":4,"pixelmon:fresh_water":1,"minecraft:string":2,"pixelmon:water_gem":1,"pixelmon:lens_silver":1,"pixelmon:mug_ball":3,"pixelmon:light_gray_rug":1,"minecraft:cobweb":2,"minecraft:painting":1,"pixelmon:repel":1,"pixelmon:odd_incense":1,"pixelmon:pixelmon_sprite":1,"minecraft:bread":3,"minecraft:white_shulker_box":1,"minecraft:chest":2,"minecraft:coal":8,"minecraft:smooth_quartz_stairs":1,"minecraft:iron_boots":1},"minecraft:crafted":{"minecraft:crafting_table":1,"minecraft:spruce_planks":16,"minecraft:stick":16},"minecraft:used":{"minecraft:diamond_pickaxe":6,"pixelmon:iron_hammer":12,"minecraft:bread":5,"pixelmon:sapphire_hammer":1,"pixelmon:light_gray_rug":1,"minecraft:spruce_planks":4,"pixelmon:acro_bike":6,"pixelmon:mug_ball":2,"minecraft:crafting_table":1},"minecraft:dropped":{"minecraft:cobweb":2,"pixelmon:mug_ball":1,"pixelmon:leftovers":1,"pixelmon:topo_berry":3,"pixelmon:iron_hammer":1,"minecraft:crafting_table":1,"minecraft:leather_boots":1,"minecraft:chest":1,"pixelmon:odd_incense":2,"minecraft:iron_boots":1,"pixelmon:pixelmon_sprite":1,"minecraft:painting":1,"minecraft:string":2,"pixelmon:crystal_hoe":2,"pixelmon:poke_ball":11,"pixelmon:lens_silver":1}},"DataVersion":2586}