{"stats":{"minecraft:custom":{"minecraft:interact_with_smithing_table":1,"minecraft:interact_with_furnace":1,"minecraft:interact_with_crafting_table":2,"minecraft:interact_with_cartography_table":1,"minecraft:tune_noteblock":1,"minecraft:open_barrel":49,"minecraft:play_one_minute":108058,"minecraft:interact_with_loom":2,"minecraft:open_shulker_box":4,"minecraft:bell_ring":2,"minecraft:interact_with_grindstone":1,"minecraft:time_since_death":19249,"minecraft:climb_one_cm":11090,"minecraft:time_since_rest":19274,"minecraft:sprint_one_cm":161076,"minecraft:damage_taken":620,"minecraft:walk_one_cm":267089,"minecraft:drop":64,"minecraft:damage_dealt":85,"minecraft:swim_one_cm":57131,"minecraft:fly_one_cm":298235,"minecraft:open_chest":72,"minecraft:crouch_one_cm":7244,"minecraft:deaths":1,"minecraft:sneak_time":2690,"minecraft:walk_under_water_one_cm":16931,"minecraft:boat_one_cm":237109,"minecraft:jump":1327,"minecraft:interact_with_blast_furnace":1,"minecraft:walk_on_water_one_cm":19761,"minecraft:interact_with_smoker":2,"minecraft:fall_one_cm":43690,"minecraft:horse_one_cm":357706},"minecraft:mined":{"minecraft:blue_carpet":1,"minecraft:stone_pressure_plate":1,"minecraft:glass_pane":8,"pixelmon:unown_block_l":1,"minecraft:granite":2,"minecraft:chest":3,"minecraft:polished_diorite_slab":1,"minecraft:spruce_leaves":5,"minecraft:blue_wool":1,"minecraft:sandstone":22,"minecraft:sandstone_stairs":1,"pixelmon:ultra_elm_fence":1,"minecraft:large_fern":1,"minecraft:hay_block":15,"minecraft:smooth_stone":20,"minecraft:black_stained_glass":1,"minecraft:black_stained_glass_pane":2,"byg:scoria_stone":1,"byg:palm_log":4,"minecraft:white_carpet":1,"minecraft:spruce_log":5,"minecraft:brown_bed":1,"minecraft:grass":2,"pixelmon:pink_mail_box":1,"minecraft:coal_ore":8,"minecraft:white_shulker_box":3,"minecraft:smooth_quartz_stairs":1,"minecraft:polished_andesite":4,"minecraft:stone":5,"pixelmon:anvil":1},"minecraft:picked_up":{"pixelmon:crystal_hoe":1,"minecraft:polished_diorite_slab":1,"minecraft:crafting_table":1,"pixelmon:acro_bike":10,"pixelmon:anvil":1,"minecraft:brown_bed":1,"pixelmon:poke_ball":6,"pixelmon:razz_berry":2,"pixelmon:ultra_elm_fence":1,"pixelmon:pink_pc":1,"pixelmon:fresh_water":1,"minecraft:string":2,"pixelmon:lens_silver":1,"minecraft:smooth_stone":15,"pixelmon:mug_ball":3,"pixelmon:odd_incense":1,"pixelmon:repel":1,"minecraft:cobweb":2,"pixelmon:pixelmon_sprite":1,"minecraft:chest":2,"minecraft:smooth_quartz_stairs":1,"minecraft:iron_boots":1,"minecraft:sandstone":40,"minecraft:end_stone":6,"pixelmon:iron_hammer":1,"pixelmon:unown_block_l":1,"minecraft:snow_block":10,"minecraft:soul_torch":3,"minecraft:grass_block":3,"minecraft:spruce_log":4,"minecraft:stone_pressure_plate":1,"pixelmon:water_gem":1,"minecraft:polished_andesite":4,"minecraft:hay_block":15,"pixelmon:full_restore":1,"pixelmon:light_gray_rug":1,"minecraft:sandstone_stairs":1,"minecraft:painting":3,"byg:palm_boat":1,"minecraft:bread":3,"byg:palm_log":4,"minecraft:white_shulker_box":3,"minecraft:iron_bars":10,"minecraft:coal":8,"minecraft:white_wool":12},"minecraft:crafted":{"minecraft:crafting_table":3,"minecraft:spruce_planks":16,"minecraft:bread":42,"byg:palm_planks":16,"minecraft:stick":16,"byg:palm_boat":1,"minecraft:wheat":126},"minecraft:used":{"minecraft:water_bucket":4,"minecraft:sandstone_stairs":1,"pixelmon:iron_hammer":12,"pixelmon:sapphire_hammer":48,"minecraft:chest":1,"minecraft:spruce_planks":4,"pixelmon:acro_bike":11,"minecraft:white_shulker_box":2,"minecraft:crafting_table":3,"minecraft:red_bed":1,"byg:palm_boat":1,"minecraft:diamond_pickaxe":20,"minecraft:bread":12,"pixelmon:light_gray_rug":1,"pixelmon:mug_ball":2,"pixelmon:ultra_elm_fence":1,"minecraft:hay_block":1,"minecraft:bucket":4,"pixelmon:sapphire_sword":5},"minecraft:dropped":{"minecraft:snow_block":10,"minecraft:bread":1,"pixelmon:mug_ball":1,"minecraft:soul_torch":3,"pixelmon:iron_hammer":1,"pixelmon:topo_berry":3,"minecraft:crafting_table":1,"pixelmon:potion":1,"pixelmon:odd_incense":2,"minecraft:iron_boots":1,"minecraft:end_stone":6,"pixelmon:dark_memory":1,"pixelmon:crystal_hoe":2,"minecraft:grass_block":3,"pixelmon:lens_silver":1,"pixelmon:razz_berry":1,"minecraft:cobweb":2,"pixelmon:leftovers":1,"minecraft:leather_boots":1,"minecraft:chest":1,"pixelmon:white_poke_bag":1,"pixelmon:pixelmon_sprite":1,"minecraft:painting":1,"minecraft:sandstone":20,"minecraft:iron_bars":10,"minecraft:smooth_stone":15,"minecraft:string":2,"minecraft:white_wool":12,"pixelmon:poke_ball":11}},"DataVersion":2586}