{"stats":{"minecraft:used":{"minecraft:iron_bars":2,"pixelmon:iron_hammer":12,"byg:cherry_crafting_table":1,"minecraft:black_carpet":4,"minecraft:chest":1,"minecraft:spruce_planks":24,"minecraft:white_shulker_box":2,"minecraft:dirt":7,"byg:palm_boat":3,"pixelmon:light_gray_rug":1,"pixelmon:red_pc":1,"pixelmon:mug_ball":2,"pixelmon:ultra_elm_fence":1,"pixelmon:ruby_pickaxe":92,"minecraft:egg":1,"minecraft:hay_block":1,"pixelmon:sapphire_sword":5,"byg:white_cherry_foliage":1,"minecraft:water_bucket":20,"minecraft:sandstone_stairs":1,"byg:cherry_boat":2,"pixelmon:sapphire_hammer":53,"minecraft:oak_planks":4,"minecraft:andesite_slab":1,"byg:cherry_planks":7,"minecraft:blue_bed":1,"pixelmon:acro_bike":29,"minecraft:mossy_cobblestone":15,"minecraft:red_bed":1,"pixelmon:aluminium_axe":64,"minecraft:crafting_table":5,"minecraft:painting":3,"minecraft:cake":1,"minecraft:diamond_pickaxe":20,"minecraft:bread":120,"minecraft:blackstone_slab":1,"minecraft:cobblestone":1,"minecraft:stripped_oak_wood":1,"minecraft:bucket":20,"byg:palm_planks":3,"minecraft:coarse_dirt":1,"pixelmon:ruby_sword":10},"minecraft:picked_up":{"pixelmon:crystal_hoe":1,"minecraft:coarse_dirt":2,"minecraft:crafting_table":1,"minecraft:wheat":4,"minecraft:black_carpet":4,"pixelmon:orange_poke_bag":2,"minecraft:chicken":1,"pixelmon:anvil":1,"minecraft:brown_bed":1,"pixelmon:razz_berry":2,"pixelmon:ultra_elm_fence":1,"pixelmon:iron_base":1,"pixelmon:pink_pc":1,"minecraft:string":4,"pixelmon:full_heal":2,"pixelmon:platinum_base":1,"pixelmon:lens_silver":1,"minecraft:smooth_stone":15,"pixelmon:mug_ball":3,"pixelmon:repel":1,"pixelmon:pixelmon_sprite":4,"minecraft:chest":2,"minecraft:smooth_quartz_stairs":1,"byg:orange_oak_sapling":1,"minecraft:iron_boots":1,"minecraft:egg":1,"minecraft:stick":8,"minecraft:sandstone":40,"minecraft:end_stone":6,"pixelmon:iron_hammer":1,"pixelmon:item_finder":1,"minecraft:spruce_fence":2,"minecraft:snow_block":10,"minecraft:stone_button":2,"minecraft:redstone":1,"minecraft:light_blue_bed":1,"minecraft:stone_pressure_plate":1,"pixelmon:water_gem":1,"minecraft:rotten_flesh":6,"pixelmon:full_restore":1,"minecraft:hay_block":93,"minecraft:sandstone_stairs":1,"pixelmon:relic_crown":2,"minecraft:cyan_terracotta":2,"pixelmon:red_pc":2,"minecraft:totem_of_undying":1,"byg:palm_log":4,"minecraft:white_shulker_box":3,"minecraft:iron_bars":12,"minecraft:cod":2,"byg:blue_spruce_sapling":1,"minecraft:white_wool":12,"minecraft:cobblestone":17,"minecraft:birch_log":4,"pixelmon:poke_ball_lid":2,"pixelmon:acro_bike":27,"minecraft:polished_diorite_slab":1,"pixelmon:revive":4,"minecraft:feather":2,"minecraft:andesite":3,"minecraft:blackstone_slab":1,"pixelmon:poke_ball":14,"minecraft:oak_log":2,"pixelmon:fresh_water":1,"minecraft:diorite_stairs":1,"minecraft:blue_bed":1,"minecraft:dirt":16,"minecraft:cooked_mutton":1,"minecraft:bone":2,"minecraft:wheat_seeds":11,"byg:red_spruce_sapling":2,"pixelmon:tr8_blank":1,"pixelmon:ultra_elm_boat":2,"minecraft:spruce_wood":1,"pixelmon:odd_incense":1,"minecraft:cobweb":2,"minecraft:stripped_oak_wood":2,"minecraft:glowstone_dust":2,"pixelmon:pokemail_orange":1,"minecraft:chiseled_stone_bricks":1,"pixelmon:unown_block_l":1,"minecraft:spruce_sapling":1,"minecraft:soul_torch":3,"minecraft:spruce_log":9,"minecraft:grass_block":3,"minecraft:mossy_cobblestone":18,"minecraft:polished_andesite":4,"byg:white_cherry_foliage":1,"minecraft:sugar":2,"byg:cherry_boat":1,"byg:cherry_log":5,"minecraft:soul_lantern":1,"pixelmon:light_gray_rug":1,"minecraft:painting":8,"byg:cherry_planks":9,"byg:palm_boat":2,"minecraft:bread":3,"minecraft:oak_sapling":1,"minecraft:andesite_slab":3,"minecraft:coal":8},"minecraft:dropped":{"minecraft:bread":26,"pixelmon:poke_ball_lid":1,"minecraft:wheat_seeds":4,"minecraft:oak_log":2,"pixelmon:iron_hammer":1,"minecraft:crafting_table":1,"pixelmon:potion":1,"minecraft:feather":2,"byg:blue_spruce_sapling":1,"pixelmon:deep_sea_scale":1,"pixelmon:dark_memory":1,"minecraft:grass_block":3,"pixelmon:lens_silver":1,"minecraft:cod":2,"minecraft:stick":8,"minecraft:cobweb":2,"pixelmon:leftovers":1,"minecraft:stone_button":1,"pixelmon:pokemail_orange":1,"pixelmon:pp_max":1,"pixelmon:tr8_blank":1,"minecraft:sugar":2,"minecraft:smooth_stone":15,"minecraft:string":4,"pixelmon:dark_gem":1,"minecraft:birch_log":3,"minecraft:white_wool":12,"byg:red_spruce_sapling":2,"minecraft:redstone":1,"minecraft:bone":2,"minecraft:snow_block":10,"pixelmon:mug_ball":1,"minecraft:soul_torch":3,"minecraft:coarse_dirt":1,"pixelmon:ultra_elm_boat":1,"pixelmon:topo_berry":3,"pixelmon:burn_heal":1,"minecraft:wheat":4,"pixelmon:odd_incense":2,"minecraft:chicken":1,"minecraft:rotten_flesh":6,"minecraft:iron_boots":1,"pixelmon:aluminium_hammer":1,"minecraft:end_stone":6,"minecraft:glowstone_dust":2,"pixelmon:s_exp_candy":1,"minecraft:spruce_fence":2,"pixelmon:crystal_hoe":2,"pixelmon:bug_gem":1,"pixelmon:razz_berry":1,"pixelmon:iron_base":1,"minecraft:hay_block":4,"pixelmon:plasma_boots":1,"minecraft:andesite":3,"minecraft:leather_boots":1,"minecraft:golden_leggings":1,"minecraft:oak_sapling":1,"minecraft:chest":1,"pixelmon:white_poke_bag":1,"pixelmon:pixelmon_sprite":3,"minecraft:painting":2,"minecraft:sandstone":20,"minecraft:iron_bars":10,"pixelmon:poke_ball":11,"pixelmon:orange_poke_bag":1,"pixelmon:revive":4},"minecraft:custom":{"minecraft:interact_with_smithing_table":1,"minecraft:interact_with_crafting_table":6,"minecraft:open_barrel":193,"minecraft:open_shulker_box":4,"minecraft:bell_ring":3,"minecraft:eat_cake_slice":10,"minecraft:leave_game":3,"minecraft:time_since_death":438451,"minecraft:climb_one_cm":29757,"minecraft:sprint_one_cm":1306272,"minecraft:walk_one_cm":1190585,"minecraft:drop":150,"minecraft:deaths":1,"minecraft:sneak_time":4760,"minecraft:walk_under_water_one_cm":99204,"minecraft:interact_with_brewingstand":8,"minecraft:jump":10055,"minecraft:boat_one_cm":934797,"minecraft:interact_with_blast_furnace":1,"minecraft:walk_on_water_one_cm":102963,"minecraft:interact_with_furnace":1,"minecraft:interact_with_cartography_table":1,"minecraft:tune_noteblock":1,"minecraft:play_one_minute":527260,"minecraft:interact_with_loom":2,"minecraft:interact_with_grindstone":1,"minecraft:sleep_in_bed":2,"minecraft:time_since_rest":160768,"minecraft:open_enderchest":2,"minecraft:damage_taken":3866,"minecraft:trigger_trapped_chest":4,"minecraft:damage_dealt":85,"minecraft:swim_one_cm":230645,"minecraft:fly_one_cm":2202303,"minecraft:open_chest":212,"minecraft:crouch_one_cm":12333,"minecraft:interact_with_smoker":3,"minecraft:fall_one_cm":314701,"minecraft:horse_one_cm":3650969},"minecraft:mined":{"minecraft:blue_carpet":1,"pixelmon:dawn_stone_ore":1,"minecraft:stone_pressure_plate":1,"pixelmon:relic_crown":2,"minecraft:mossy_cobblestone":14,"byg:water_silk":18,"pixelmon:green_healer":1,"byg:willow_leaves":2,"minecraft:granite":2,"minecraft:grass_block":12,"minecraft:spruce_fence":2,"minecraft:white_stained_glass":2,"minecraft:spruce_leaves":14,"minecraft:lime_stained_glass":2,"minecraft:diorite_stairs":1,"minecraft:blue_wool":1,"minecraft:chiseled_stone_bricks":1,"minecraft:sandstone":22,"minecraft:sandstone_stairs":1,"minecraft:large_fern":3,"minecraft:hay_block":88,"minecraft:smooth_stone":20,"minecraft:black_stained_glass_pane":2,"minecraft:tall_seagrass":3,"minecraft:orange_stained_glass_pane":2,"byg:prairie_grass":4,"minecraft:andesite":2,"minecraft:brown_bed":1,"minecraft:lime_stained_glass_pane":1,"minecraft:vine":1,"minecraft:iron_bars":2,"byg:white_cherry_leaves":1,"minecraft:white_shulker_box":3,"minecraft:smooth_quartz_stairs":1,"minecraft:spruce_wood":1,"minecraft:stone":23,"byg:tall_prairie_grass":2,"pixelmon:moss_rock":1,"byg:tiny_lilypads":1,"minecraft:glass_pane":27,"minecraft:cyan_terracotta":2,"byg:white_cherry_foliage":1,"minecraft:stone_brick_slab":2,"minecraft:soul_lantern":1,"byg:cherry_log":5,"pixelmon:unown_block_l":1,"minecraft:blackstone_slab":1,"minecraft:chest":3,"minecraft:white_stained_glass_pane":1,"minecraft:andesite_slab":4,"minecraft:stone_slab":4,"minecraft:polished_diorite_slab":1,"minecraft:glass":1,"minecraft:tall_grass":1,"minecraft:cobblestone":2,"byg:mossy_stone":4,"minecraft:blue_bed":1,"pixelmon:ultra_elm_fence":1,"minecraft:black_stained_glass":2,"minecraft:coarse_dirt":2,"byg:scoria_stone":1,"minecraft:light_blue_bed":1,"byg:palm_log":4,"minecraft:birch_log":2,"minecraft:spruce_log":12,"byg:overgrown_stone":2,"byg:short_grass":3,"minecraft:white_carpet":1,"minecraft:stripped_oak_wood":2,"minecraft:grass_path":3,"minecraft:grass":13,"pixelmon:pink_mail_box":1,"minecraft:coal_ore":8,"minecraft:beetroots":1,"minecraft:dirt":5,"minecraft:stone_bricks":1,"minecraft:polished_andesite":4,"pixelmon:anvil":1,"minecraft:oak_leaves":16,"minecraft:fern":3},"minecraft:crafted":{"minecraft:oak_planks":4,"byg:cherry_crafting_table":1,"byg:cherry_planks":20,"byg:palm_boat":1,"minecraft:wheat":765,"byg:cherry_boat":1,"minecraft:crafting_table":5,"minecraft:spruce_planks":40,"minecraft:birch_planks":4,"minecraft:bread":255,"byg:palm_planks":16,"minecraft:stick":16}},"DataVersion":2586}