{"stats":{"minecraft:custom":{"minecraft:interact_with_smithing_table":1,"minecraft:time_since_rest":61780,"minecraft:play_one_minute":61780,"minecraft:crouch_one_cm":44,"minecraft:interact_with_loom":2,"minecraft:sprint_one_cm":95637,"minecraft:damage_taken":100,"minecraft:walk_one_cm":117729,"minecraft:sneak_time":58,"minecraft:walk_under_water_one_cm":7111,"minecraft:drop":10,"minecraft:boat_one_cm":29584,"minecraft:jump":711,"minecraft:damage_dealt":5,"minecraft:leave_game":2,"minecraft:time_since_death":61780,"minecraft:walk_on_water_one_cm":11796,"minecraft:climb_one_cm":496,"minecraft:open_chest":2,"minecraft:swim_one_cm":16588,"minecraft:fly_one_cm":149157,"minecraft:fall_one_cm":14279,"minecraft:open_barrel":2},"minecraft:mined":{"minecraft:spruce_leaves":1,"pixelmon:mug_ball":3},"minecraft:picked_up":{"pixelmon:crystal_hoe":1,"pixelmon:poke_ball_lid":3,"pixelmon:sweet_love":1,"pixelmon:rose_incense":1,"pixelmon:pokemail_heart":1,"pixelmon:mug_ball":1,"pixelmon:purple_water_float":1,"pixelmon:ice_gem":1,"pixelmon:poke_ball":7,"pixelmon:odd_incense":1,"minecraft:stone_button":3,"minecraft:chest":1,"minecraft:coal":1,"pixelmon:aluminum_base":3,"pixelmon:good_rod":1},"minecraft:used":{"minecraft:apple":8,"minecraft:chest":1,"minecraft:cod":1,"pixelmon:mug_ball":1},"minecraft:dropped":{"pixelmon:poke_ball_lid":3,"pixelmon:pokemail_glitter_closed":1,"pixelmon:aluminum_base":3,"minecraft:stone_button":3}},"DataVersion":2586}