{"stats":{"minecraft:custom":{"minecraft:time_since_rest":97780,"minecraft:interact_with_smithing_table":1,"minecraft:sprint_one_cm":154505,"minecraft:damage_taken":315,"minecraft:walk_one_cm":202654,"minecraft:drop":14,"minecraft:damage_dealt":5,"minecraft:swim_one_cm":17862,"minecraft:fly_one_cm":327066,"minecraft:open_barrel":3,"minecraft:open_chest":2,"minecraft:crouch_one_cm":615,"minecraft:play_one_minute":97780,"minecraft:interact_with_loom":2,"minecraft:sneak_time":240,"minecraft:walk_under_water_one_cm":7914,"minecraft:boat_one_cm":29584,"minecraft:jump":1148,"minecraft:leave_game":2,"minecraft:walk_on_water_one_cm":13289,"minecraft:time_since_death":97780,"minecraft:climb_one_cm":496,"minecraft:fall_one_cm":25636},"minecraft:mined":{"minecraft:glass_pane":3,"minecraft:spruce_leaves":1,"pixelmon:mug_ball":3,"minecraft:fern":1},"minecraft:picked_up":{"pixelmon:crystal_hoe":1,"pixelmon:poke_ball_lid":3,"minecraft:stone":1,"pixelmon:pokemail_heart":1,"pixelmon:purple_water_float":1,"pixelmon:ice_gem":1,"pixelmon:poke_ball":7,"minecraft:stone_button":3,"pixelmon:aluminum_base":3,"pixelmon:white_poke_bag":1,"pixelmon:shuca_berry":1,"minecraft:apple":1,"pixelmon:rose_incense":1,"pixelmon:mug_ball":1,"pixelmon:sweet_love":1,"pixelmon:odd_incense":1,"minecraft:chest":1,"minecraft:coal":1,"pixelmon:good_rod":1},"minecraft:used":{"minecraft:apple":16,"minecraft:chest":1,"pixelmon:mug_ball":1,"minecraft:cod":1,"pixelmon:shuca_berry":4},"minecraft:dropped":{"pixelmon:poke_ball_lid":3,"pixelmon:pokemail_glitter_closed":1,"minecraft:stone":1,"pixelmon:aluminum_base":3,"minecraft:stone_button":3,"minecraft:apple":1,"minecraft:tropical_fish":1,"minecraft:string":1}},"DataVersion":2586}