{"stats":{"minecraft:picked_up":{"pixelmon:poke_ball":3,"pixelmon:poke_ball_lid":1,"minecraft:stone_button":1,"pixelmon:aluminum_base":1},"minecraft:custom":{"minecraft:jump":235,"minecraft:time_since_rest":19636,"minecraft:play_one_minute":19636,"minecraft:damage_taken":60,"minecraft:leave_game":2,"minecraft:sprint_one_cm":25596,"minecraft:walk_on_water_one_cm":2740,"minecraft:time_since_death":19636,"minecraft:walk_one_cm":32439,"minecraft:walk_under_water_one_cm":507,"minecraft:drop":3,"minecraft:fall_one_cm":4212,"minecraft:fly_one_cm":31878},"minecraft:dropped":{"pixelmon:poke_ball_lid":1,"pixelmon:aluminum_base":1,"minecraft:stone_button":1}},"DataVersion":2586}