{"stats":{"minecraft:picked_up":{"minecraft:rotten_flesh":2},"minecraft:killed_by":{"minecraft:zombie":1},"minecraft:custom":{"minecraft:time_since_rest":7365,"minecraft:crouch_one_cm":358,"minecraft:sprint_one_cm":24930,"minecraft:play_time":38808,"minecraft:walk_one_cm":31926,"minecraft:damage_taken":570,"minecraft:deaths":2,"minecraft:sneak_time":141,"minecraft:walk_under_water_one_cm":3497,"minecraft:mob_kills":1,"minecraft:aviate_one_cm":421326,"minecraft:damage_dealt_resisted":0,"minecraft:jump":173,"minecraft:damage_dealt":380,"minecraft:leave_game":1,"minecraft:time_since_death":7310,"minecraft:walk_on_water_one_cm":2846,"minecraft:total_world_time":38808,"minecraft:hex":0,"minecraft:swim_one_cm":1150,"minecraft:fall_one_cm":6644,"minecraft:fly_one_cm":136677},"minecraft:killed":{"minecraft:husk":1},"minecraft:used":{"aquamirae:terrible_helmet":1,"aquamirae:terrible_leggings":1,"minecraft:stone_sword":12,"aquamirae:terrible_boots":1,"aquamirae:terrible_chestplate":1}},"DataVersion":3465}