{"stats":{"minecraft:picked_up":{"pixelmon:poke_ball_lid":3,"pixelmon:ice_gem":1,"pixelmon:poke_ball":7,"minecraft:stone_button":3,"minecraft:chest":1,"pixelmon:aluminum_base":3,"minecraft:coal":1,"pixelmon:good_rod":1},"minecraft:used":{"minecraft:cod":1},"minecraft:custom":{"minecraft:time_since_rest":25926,"minecraft:play_one_minute":25926,"minecraft:sprint_one_cm":39200,"minecraft:damage_taken":80,"minecraft:walk_one_cm":48066,"minecraft:sneak_time":42,"minecraft:walk_under_water_one_cm":507,"minecraft:drop":9,"minecraft:jump":344,"minecraft:leave_game":2,"minecraft:walk_on_water_one_cm":2840,"minecraft:time_since_death":25926,"minecraft:fall_one_cm":6010,"minecraft:fly_one_cm":78843},"minecraft:dropped":{"pixelmon:poke_ball_lid":3,"pixelmon:aluminum_base":3,"minecraft:stone_button":3}},"DataVersion":2586}