{"stats":{"minecraft:used":{"minecraft:flint_and_steel":2,"minecraft:chest":1,"minecraft:golden_hoe":2,"minecraft:dirt":5,"minecraft:cod":1,"minecraft:obsidian":29,"minecraft:apple":24,"minecraft:bread":9,"pixelmon:mug_ball":1,"minecraft:cooked_beef":10,"pixelmon:shuca_berry":4},"minecraft:picked_up":{"pixelmon:crystal_hoe":4,"pixelmon:poke_ball_lid":3,"minecraft:leather_chestplate":3,"minecraft:wheat":9,"minecraft:feather":3,"minecraft:chicken":3,"pixelmon:relic_silver":3,"minecraft:salmon":15,"minecraft:leather_leggings":3,"minecraft:leather":3,"pixelmon:pokemail_heart":4,"pixelmon:ice_gem":1,"pixelmon:poke_ball":344,"minecraft:enchanted_book":3,"pixelmon:pearl":3,"minecraft:string":2,"pixelmon:aluminum_base":3,"minecraft:dirt":7,"minecraft:red_bed":3,"pixelmon:white_poke_bag":4,"pixelmon:shuca_berry":1,"minecraft:leather_boots":3,"minecraft:bone":4,"minecraft:apple":1,"minecraft:wheat_seeds":7,"byg:blueberries":3,"pixelmon:mug_ball":1,"minecraft:rabbit_hide":12,"pixelmon:odd_incense":1,"minecraft:iron_nugget":10,"minecraft:chest":1,"pixelmon:yellow_apricorn":1,"pixelmon:good_rod":4,"minecraft:egg":1,"minecraft:stone":1,"pixelmon:purple_water_float":4,"minecraft:stone_button":3,"minecraft:spruce_sapling":1,"pixelmon:ultra_desert_cactus":9,"minecraft:leather_helmet":3,"minecraft:honey_bottle":3,"pixelmon:rose_incense":4,"pixelmon:sweet_love":4,"minecraft:bread":19,"minecraft:coal":4,"minecraft:white_wool":8},"minecraft:dropped":{"pixelmon:ultra_desert_cactus":1,"pixelmon:poke_ball_lid":4,"pixelmon:pokemail_glitter_closed":1,"byg:blueberries":3,"minecraft:wheat_seeds":6,"pixelmon:aluminum_base":3,"minecraft:apple":1,"minecraft:tropical_fish":1,"minecraft:cod":2,"pixelmon:iron_base":2,"minecraft:dirt":2,"minecraft:stone":1,"minecraft:stone_button":3,"minecraft:ghast_tear":2,"minecraft:string":3,"minecraft:spruce_sapling":1,"minecraft:egg":1},"minecraft:custom":{"minecraft:interact_with_smithing_table":1,"minecraft:open_barrel":3,"minecraft:play_one_minute":333711,"minecraft:interact_with_loom":2,"minecraft:leave_game":4,"minecraft:time_since_death":84342,"minecraft:sleep_in_bed":1,"minecraft:climb_one_cm":2529,"minecraft:time_since_rest":71133,"minecraft:sprint_one_cm":495801,"minecraft:damage_taken":3090,"minecraft:walk_one_cm":556655,"minecraft:drop":36,"minecraft:damage_dealt":5,"minecraft:swim_one_cm":39690,"minecraft:fly_one_cm":1264968,"minecraft:open_chest":4,"minecraft:crouch_one_cm":1463,"minecraft:deaths":3,"minecraft:sneak_time":1748,"minecraft:walk_under_water_one_cm":241739,"minecraft:boat_one_cm":29584,"minecraft:jump":3599,"minecraft:walk_on_water_one_cm":56462,"minecraft:fall_one_cm":100272,"minecraft:horse_one_cm":952086},"minecraft:mined":{"minecraft:glass_pane":3,"minecraft:grass_block":4,"minecraft:tall_grass":1,"minecraft:spruce_leaves":1,"pixelmon:mug_ball":3,"byg:short_grass":1,"minecraft:grass":3,"pixelmon:apricorn_leaves_yellow":1,"minecraft:dirt":4,"byg:blueberry_bush":1,"minecraft:oak_leaves":5,"minecraft:fern":1}},"DataVersion":2586}