{"stats":{"minecraft:picked_up":{"pixelmon:crystal_hoe":1,"pixelmon:poke_ball_lid":3,"pixelmon:mug_ball":1,"pixelmon:purple_water_float":1,"pixelmon:ice_gem":1,"pixelmon:poke_ball":7,"minecraft:stone_button":3,"minecraft:chest":1,"pixelmon:aluminum_base":3,"minecraft:coal":1,"pixelmon:good_rod":1},"minecraft:used":{"minecraft:apple":8,"minecraft:chest":1,"minecraft:cod":1,"pixelmon:mug_ball":1},"minecraft:custom":{"minecraft:time_since_rest":55926,"minecraft:crouch_one_cm":44,"minecraft:play_one_minute":55926,"minecraft:sprint_one_cm":83493,"minecraft:damage_taken":80,"minecraft:walk_one_cm":99924,"minecraft:sneak_time":58,"minecraft:walk_under_water_one_cm":3437,"minecraft:boat_one_cm":29584,"minecraft:drop":10,"minecraft:jump":603,"minecraft:damage_dealt":5,"minecraft:leave_game":2,"minecraft:walk_on_water_one_cm":9131,"minecraft:time_since_death":55926,"minecraft:climb_one_cm":284,"minecraft:swim_one_cm":12641,"minecraft:fall_one_cm":9737,"minecraft:fly_one_cm":131766},"minecraft:mined":{"minecraft:spruce_leaves":1,"pixelmon:mug_ball":3},"minecraft:dropped":{"pixelmon:poke_ball_lid":3,"pixelmon:pokemail_glitter_closed":1,"pixelmon:aluminum_base":3,"minecraft:stone_button":3}},"DataVersion":2586}