{"stats":{"minecraft:picked_up":{"minecraft:rotten_flesh":2},"minecraft:killed_by":{"minecraft:zombie":1},"minecraft:custom":{"minecraft:time_since_rest":16609,"minecraft:crouch_one_cm":280,"minecraft:sprint_one_cm":17351,"minecraft:play_time":26808,"minecraft:walk_one_cm":20488,"minecraft:damage_taken":250,"minecraft:deaths":1,"minecraft:sneak_time":105,"minecraft:walk_under_water_one_cm":3497,"minecraft:mob_kills":1,"minecraft:damage_dealt_resisted":0,"minecraft:jump":130,"minecraft:damage_dealt":380,"minecraft:leave_game":1,"minecraft:time_since_death":16573,"minecraft:walk_on_water_one_cm":1368,"minecraft:total_world_time":26808,"minecraft:hex":0,"minecraft:swim_one_cm":1150,"minecraft:fall_one_cm":2148,"minecraft:fly_one_cm":61407},"minecraft:killed":{"minecraft:husk":1},"minecraft:used":{"minecraft:stone_sword":12}},"DataVersion":3465}