{"stats":{"minecraft:custom":{"minecraft:time_since_rest":8789,"minecraft:play_one_minute":8789,"minecraft:crouch_one_cm":3,"minecraft:sprint_one_cm":13797,"minecraft:walk_one_cm":24862,"minecraft:sneak_time":35,"minecraft:jump":42,"minecraft:leave_game":1,"minecraft:time_since_death":8789,"minecraft:fly_one_cm":3907,"minecraft:fall_one_cm":627,"minecraft:interact_with_crafting_table":5},"minecraft:mined":{"minecraft:podzol":1,"minecraft:dirt":3,"minecraft:spruce_wood":1,"minecraft:stone":18,"minecraft:spruce_log":12,"minecraft:crafting_table":1,"minecraft:fern":1},"minecraft:picked_up":{"minecraft:crafting_table":1,"minecraft:wheat_seeds":1,"minecraft:spruce_wood":1,"minecraft:spruce_log":12,"minecraft:dirt":4,"minecraft:cobblestone":18},"minecraft:crafted":{"minecraft:wooden_sword":1,"minecraft:stone_axe":1,"minecraft:crafting_table":1,"minecraft:spruce_wood":2,"minecraft:spruce_planks":16,"minecraft:stick":8,"minecraft:wooden_pickaxe":1},"minecraft:used":{"minecraft:stone_axe":7,"minecraft:dirt":4,"minecraft:cobblestone":4,"minecraft:crafting_table":2,"minecraft:spruce_wood":1,"minecraft:wooden_pickaxe":18}},"DataVersion":2586}