{
  "pixelmon:recipes/infuser/juice/yellow_juice": {
    "criteria": {
      "has_yellow_juice_berry_2": "2024-06-29 06:12:23 +0000"
    },
    "done": true
  },
  "pixelmon:recipes/decor/water_float/black_water_float_dyed": {
    "criteria": {
      "has_water_float": "2024-06-29 06:07:53 +0000"
    },
    "done": true
  },
  "pixelmon:recipes/decor/water_float/blue_water_float_dyed": {
    "criteria": {
      "has_water_float": "2024-06-29 06:07:53 +0000"
    },
    "done": true
  },
  "minecraft:recipes/food/cooked_chicken_from_smoking": {
    "criteria": {
      "has_chicken": "2024-06-29 06:13:18 +0000"
    },
    "done": true
  },
  "pixelmon:recipes/machines/trade_machine/trade_holder_left": {
    "criteria": {
      "has_poke_ball": "2024-06-29 05:41:11 +0000"
    },
    "done": true
  },
  "minecraft:recipes/combat/leather_chestplate": {
    "criteria": {
      "has_leather": "2024-06-29 06:20:29 +0000"
    },
    "done": true
  },
  "pixelmon:recipes/machines/trade_machine/trade_holder_right": {
    "criteria": {
      "has_poke_ball": "2024-06-29 05:41:11 +0000"
    },
    "done": true
  },
  "pixelmon:recipes/pokeball/base/aluminum_base": {
    "criteria": {
      "has_ingot": "2024-06-29 05:39:56 +0000"
    },
    "done": true
  },
  "pixelmon:recipes/pokeball/base/iron_base": {
    "criteria": {
      "has_ingot": "2024-06-29 05:39:56 +0000"
    },
    "done": true
  },
  "pixelmon:recipes/decor/water_float/white_water_float_dyed": {
    "criteria": {
      "has_water_float": "2024-06-29 06:07:53 +0000"
    },
    "done": true
  },
  "pixelmon:recipes/pokeball/base/platinum_base": {
    "criteria": {
      "has_ingot": "2024-06-29 05:39:56 +0000"
    },
    "done": true
  },
  "pixelmon:recipes/pokeball/lid/timer_ball_lid": {
    "criteria": {
      "has_poke_ball": "2024-06-29 05:41:11 +0000"
    },
    "done": true
  },
  "pixelmon:specs/spec_trigger": {
    "criteria": {
      "unown_capture_all": "2024-06-29 06:01:47 +0000",
      "eeveelution_capture_all": "2024-06-29 06:01:47 +0000",
      "minior_capture_all": "2024-06-29 06:01:47 +0000"
    },
    "done": true
  },
  "minecraft:recipes/food/cooked_salmon_from_smoking": {
    "criteria": {
      "has_salmon": "2024-06-29 06:20:29 +0000"
    },
    "done": true
  },
  "pixelmon:recipes/pokeball/lid/repeat_ball_lid": {
    "criteria": {
      "has_poke_ball": "2024-06-29 05:41:11 +0000"
    },
    "done": true
  },
  "pixelmon:recipes/pokeball/base/wooden_base": {
    "criteria": {
      "has_slab": "2024-06-29 05:39:56 +0000"
    },
    "done": true
  },
  "pixelmon:recipes/pokeball/lid/level_ball_lid": {
    "criteria": {
      "has_poke_ball": "2024-06-29 05:41:11 +0000"
    },
    "done": true
  },
  "minecraft:recipes/combat/leather_helmet": {
    "criteria": {
      "has_leather": "2024-06-29 06:20:29 +0000"
    },
    "done": true
  },
  "pixelmon:recipes/pokeball/lid/friend_ball_lid": {
    "criteria": {
      "has_poke_ball": "2024-06-29 05:41:11 +0000"
    },
    "done": true
  },
  "minecraft:adventure/adventuring_time": {
    "criteria": {
      "minecraft:taiga": "2024-06-29 05:34:30 +0000",
      "minecraft:giant_tree_taiga": "2024-06-29 05:34:23 +0000",
      "minecraft:taiga_hills": "2024-06-29 05:43:30 +0000",
      "minecraft:deep_lukewarm_ocean": "2024-06-29 05:55:13 +0000",
      "minecraft:beach": "2024-06-29 05:47:59 +0000",
      "minecraft:river": "2024-06-29 05:40:31 +0000",
      "minecraft:lukewarm_ocean": "2024-06-29 05:56:24 +0000",
      "minecraft:giant_tree_taiga_hills": "2024-06-29 05:31:59 +0000"
    },
    "done": false
  },
  "pixelmon:recipes/machines/trade_machine/trade_monitor": {
    "criteria": {
      "has_poke_ball": "2024-06-29 05:41:11 +0000"
    },
    "done": true
  },
  "minecraft:recipes/decorations/campfire": {
    "criteria": {
      "has_coal": "2024-06-29 05:55:32 +0000"
    },
    "done": true
  },
  "minecraft:recipes/food/bread": {
    "criteria": {
      "has_wheat": "2024-06-29 06:27:46 +0000"
    },
    "done": true
  },
  "pixelmon:types/capture_type_trigger": {
    "criteria": {
      "capture_any": "2024-06-29 06:01:47 +0000"
    },
    "done": true
  },
  "pixelmon:specs/eeveelution_capture_all": {
    "criteria": {
      "0": "2024-06-29 06:01:47 +0000",
      "1": "2024-06-29 06:01:47 +0000",
      "2": "2024-06-29 06:01:47 +0000",
      "3": "2024-06-29 06:01:47 +0000",
      "4": "2024-06-29 06:01:47 +0000",
      "5": "2024-06-29 06:01:47 +0000",
      "6": "2024-06-29 06:01:47 +0000",
      "7": "2024-06-29 06:01:47 +0000",
      "8": "2024-06-29 06:01:47 +0000"
    },
    "done": true
  },
  "minecraft:recipes/misc/leather": {
    "criteria": {
      "has_rabbit_hide": "2024-06-29 06:12:23 +0000"
    },
    "done": true
  },
  "pixelmon:recipes/pokeball/lid/net_ball_lid": {
    "criteria": {
      "has_poke_ball": "2024-06-29 05:41:11 +0000"
    },
    "done": true
  },
  "minecraft:husbandry/root": {
    "criteria": {
      "consumed_item": "2024-06-29 05:52:30 +0000"
    },
    "done": true
  },
  "pixelmon:recipes/incense_burner": {
    "criteria": {
      "has_coal": "2024-06-29 05:55:32 +0000"
    },
    "done": true
  },
  "minecraft:recipes/transportation/birch_boat": {
    "criteria": {
      "in_water": "2024-06-29 05:40:28 +0000"
    },
    "done": true
  },
  "minecraft:recipes/decorations/chest": {
    "criteria": {
      "has_lots_of_items": "2024-06-29 06:12:23 +0000"
    },
    "done": true
  },
  "pixelmon:wild_battle_victories/wild_battle_victory_trigger": {
    "criteria": {
      "wild_battle_victory_trigger": "2024-06-29 05:39:44 +0000"
    },
    "done": true
  },
  "pixelmon:recipes/decor/water_float/purple_water_float_dyed": {
    "criteria": {
      "has_water_float": "2024-06-29 06:07:53 +0000"
    },
    "done": true
  },
  "minecraft:recipes/transportation/acacia_boat": {
    "criteria": {
      "in_water": "2024-06-29 05:40:28 +0000"
    },
    "done": true
  },
  "pixelmon:recipes/equipment/movement/old_running_boots": {
    "criteria": {
      "has_feather": "2024-06-29 06:13:18 +0000"
    },
    "done": true
  },
  "minecraft:recipes/misc/iron_ingot_from_nuggets": {
    "criteria": {
      "has_iron_nugget": "2024-06-29 06:27:46 +0000"
    },
    "done": true
  },
  "pixelmon:recipes/pokeball/lid/lure_ball_lid": {
    "criteria": {
      "has_poke_ball": "2024-06-29 05:41:11 +0000"
    },
    "done": true
  },
  "pixelmon:specs/clobbopus_jump_capture_all": {
    "criteria": {
      "0": "2024-06-29 06:01:47 +0000"
    },
    "done": false
  },
  "pixelmon:recipes/decor/water_float/light_gray_water_float_dyed": {
    "criteria": {
      "has_water_float": "2024-06-29 06:07:53 +0000"
    },
    "done": true
  },
  "minecraft:recipes/combat/arrow": {
    "criteria": {
      "has_feather": "2024-06-29 06:13:18 +0000"
    },
    "done": true
  },
  "minecraft:recipes/building_blocks/coal_block": {
    "criteria": {
      "has_coal": "2024-06-29 05:55:32 +0000"
    },
    "done": true
  },
  "pixelmon:recipes/infuser/incense/all_incense": {
    "criteria": {
      "has_the_recipe": "2024-06-29 05:55:32 +0000"
    },
    "done": true
  },
  "minecraft:recipes/combat/leather_boots": {
    "criteria": {
      "has_leather": "2024-06-29 06:20:29 +0000"
    },
    "done": true
  },
  "minecraft:recipes/transportation/jungle_boat": {
    "criteria": {
      "in_water": "2024-06-29 05:40:28 +0000"
    },
    "done": true
  },
  "minecraft:recipes/transportation/spruce_boat": {
    "criteria": {
      "in_water": "2024-06-29 05:40:28 +0000"
    },
    "done": true
  },
  "pixelmon:recipes/pokeball/lid/premier_ball_lid": {
    "criteria": {
      "has_poke_ball": "2024-06-29 05:41:11 +0000"
    },
    "done": true
  },
  "minecraft:recipes/food/cooked_salmon_from_campfire_cooking": {
    "criteria": {
      "has_salmon": "2024-06-29 06:20:29 +0000"
    },
    "done": true
  },
  "pixelmon:recipes/pokeball/lid/quick_ball_lid": {
    "criteria": {
      "has_poke_ball": "2024-06-29 05:41:11 +0000"
    },
    "done": true
  },
  "pixelmon:recipes/infuser/juice/colorful_juice": {
    "criteria": {
      "has_juice_berry_2": "2024-06-29 06:12:23 +0000"
    },
    "done": true
  },
  "pixelmon:recipes/pokeball/lid/dusk_ball_lid": {
    "criteria": {
      "has_poke_ball": "2024-06-29 05:41:11 +0000"
    },
    "done": true
  },
  "minecraft:recipes/decorations/item_frame": {
    "criteria": {
      "has_leather": "2024-06-29 06:20:29 +0000"
    },
    "done": true
  },
  "pixelmon:recipes/decor/water_float/orange_water_float_dyed": {
    "criteria": {
      "has_water_float": "2024-06-29 06:07:53 +0000"
    },
    "done": true
  },
  "pixelmon:recipes/pokeball/lid/heavy_ball_lid": {
    "criteria": {
      "has_poke_ball": "2024-06-29 05:41:11 +0000"
    },
    "done": true
  },
  "pixelmon:specs/spheal_jump_capture_all": {
    "criteria": {
      "0": "2024-06-29 06:01:47 +0000"
    },
    "done": false
  },
  "pixelmon:recipes/shell_bell": {
    "criteria": {
      "has_shoal_shell": "2024-06-29 06:04:20 +0000"
    },
    "done": true
  },
  "minecraft:recipes/transportation/dark_oak_boat": {
    "criteria": {
      "in_water": "2024-06-29 05:40:28 +0000"
    },
    "done": true
  },
  "pixelmon:recipes/pokeball/lid/safari_ball_lid": {
    "criteria": {
      "has_poke_ball": "2024-06-29 05:41:11 +0000"
    },
    "done": true
  },
  "pixelmon:recipes/decor/water_float/cyan_water_float_dyed": {
    "criteria": {
      "has_water_float": "2024-06-29 06:07:53 +0000"
    },
    "done": true
  },
  "pixelmon:recipes/pokeball/base/silver_base": {
    "criteria": {
      "has_ingot": "2024-06-29 05:39:56 +0000"
    },
    "done": true
  },
  "pixelmon:balls/ball_capture_trigger": {
    "criteria": {
      "ball_capture_poke_ball": "2024-06-29 06:01:47 +0000"
    },
    "done": true
  },
  "pixelmon:recipes/decor/water_float/green_water_float_dyed": {
    "criteria": {
      "has_water_float": "2024-06-29 06:07:53 +0000"
    },
    "done": true
  },
  "pixelmon:recipes/decor/water_float/light_blue_water_float_dyed": {
    "criteria": {
      "has_water_float": "2024-06-29 06:07:53 +0000"
    },
    "done": true
  },
  "pixelmon:recipes/decor/household_items/mug_ball": {
    "criteria": {
      "has_poke_ball": "2024-06-29 05:41:11 +0000"
    },
    "done": true
  },
  "pixelmon:recipes/decor/water_float/red_water_float_dyed": {
    "criteria": {
      "has_water_float": "2024-06-29 06:07:53 +0000"
    },
    "done": true
  },
  "pixelmon:recipes/decor/water_float/brown_water_float_dyed": {
    "criteria": {
      "has_water_float": "2024-06-29 06:07:53 +0000"
    },
    "done": true
  },
  "pixelmon:recipes/decor/water_float/gray_water_float_dyed": {
    "criteria": {
      "has_water_float": "2024-06-29 06:07:53 +0000"
    },
    "done": true
  },
  "pixelmon:recipes/pokeball/lid/luxury_ball_lid": {
    "criteria": {
      "has_poke_ball": "2024-06-29 05:41:11 +0000"
    },
    "done": true
  },
  "pixelmon:recipes/pokeball/lid/moon_ball_lid": {
    "criteria": {
      "has_poke_ball": "2024-06-29 05:41:11 +0000"
    },
    "done": true
  },
  "minecraft:husbandry/balanced_diet": {
    "criteria": {
      "apple": "2024-06-29 05:58:07 +0000",
      "cod": "2024-06-29 05:52:30 +0000"
    },
    "done": false
  },
  "pixelmon:recipes/pokeball/lid/fast_ball_lid": {
    "criteria": {
      "has_poke_ball": "2024-06-29 05:41:11 +0000"
    },
    "done": true
  },
  "minecraft:recipes/food/cooked_cod_from_smoking": {
    "criteria": {
      "has_cod": "2024-06-29 05:39:56 +0000"
    },
    "done": true
  },
  "minecraft:recipes/decorations/lantern": {
    "criteria": {
      "has_iron_nugget": "2024-06-29 06:27:46 +0000"
    },
    "done": true
  },
  "minecraft:recipes/food/cooked_chicken_from_campfire_cooking": {
    "criteria": {
      "has_chicken": "2024-06-29 06:13:18 +0000"
    },
    "done": true
  },
  "minecraft:recipes/food/cooked_cod": {
    "criteria": {
      "has_cod": "2024-06-29 05:39:56 +0000"
    },
    "done": true
  },
  "pixelmon:pokedex/pokedex_trigger": {
    "criteria": {
      "pokedex_base": "2024-06-29 05:33:52 +0000"
    },
    "done": true
  },
  "pixelmon:specs/magikarp_jump_capture_all": {
    "criteria": {
      "0": "2024-06-29 06:01:47 +0000"
    },
    "done": false
  },
  "pixelmon:recipes/pokeball/lid/sport_ball_lid": {
    "criteria": {
      "has_poke_ball": "2024-06-29 05:41:11 +0000"
    },
    "done": true
  },
  "minecraft:recipes/decorations/chain": {
    "criteria": {
      "has_iron_nugget": "2024-06-29 06:27:46 +0000"
    },
    "done": true
  },
  "minecraft:recipes/food/cooked_salmon": {
    "criteria": {
      "has_salmon": "2024-06-29 06:20:29 +0000"
    },
    "done": true
  },
  "minecraft:recipes/food/cooked_chicken": {
    "criteria": {
      "has_chicken": "2024-06-29 06:13:18 +0000"
    },
    "done": true
  },
  "minecraft:recipes/transportation/oak_boat": {
    "criteria": {
      "in_water": "2024-06-29 05:40:28 +0000"
    },
    "done": true
  },
  "minecraft:recipes/food/cooked_cod_from_campfire_cooking": {
    "criteria": {
      "has_cod": "2024-06-29 05:39:56 +0000"
    },
    "done": true
  },
  "pixelmon:recipes/machines/trade_machine/trade_panel": {
    "criteria": {
      "has_poke_ball": "2024-06-29 05:41:11 +0000"
    },
    "done": true
  },
  "pixelmon:recipes/pokeball/lid/dive_ball_lid": {
    "criteria": {
      "has_poke_ball": "2024-06-29 05:41:11 +0000"
    },
    "done": true
  },
  "pixelmon:recipes/decor/water_float/pink_water_float_dyed": {
    "criteria": {
      "has_water_float": "2024-06-29 06:07:53 +0000"
    },
    "done": true
  },
  "pixelmon:recipes/pokeball/ball/poke_ball": {
    "criteria": {
      "has_poke_ball_lid": "2024-06-29 05:48:00 +0000"
    },
    "done": true
  },
  "pixelmon:recipes/decor/water_float/lime_water_float_dyed": {
    "criteria": {
      "has_water_float": "2024-06-29 06:07:53 +0000"
    },
    "done": true
  },
  "pixelmon:recipes/pokeball/lid/love_ball_lid": {
    "criteria": {
      "has_poke_ball": "2024-06-29 05:41:11 +0000"
    },
    "done": true
  },
  "pixelmon:recipes/decor/water_float/yellow_water_float_dyed": {
    "criteria": {
      "has_water_float": "2024-06-29 06:07:53 +0000"
    },
    "done": true
  },
  "minecraft:recipes/misc/leather_horse_armor": {
    "criteria": {
      "has_leather": "2024-06-29 06:20:29 +0000"
    },
    "done": true
  },
  "minecraft:recipes/building_blocks/hay_block": {
    "criteria": {
      "has_wheat": "2024-06-29 06:27:46 +0000"
    },
    "done": true
  },
  "pixelmon:recipes/decor/water_float/magenta_water_float_dyed": {
    "criteria": {
      "has_water_float": "2024-06-29 06:07:53 +0000"
    },
    "done": true
  },
  "minecraft:recipes/combat/leather_leggings": {
    "criteria": {
      "has_leather": "2024-06-29 06:20:29 +0000"
    },
    "done": true
  },
  "DataVersion": 2586
}